Image,PSNR Pretrained,SSIM Pretrained,PSNR Finetuned,SSIM Finetuned
r000da54ft.png,15.98739019933507,0.6766693,20.30368522264164,0.71024656
r001d260dt.png,14.743388888014943,0.39380205,14.179250536535193,0.3865278
r002fc3e2t.png,10.070426734721176,0.18223982,10.008698834834874,0.18542032
r00444b95t.png,14.21324405537858,0.34876013,12.782345923355043,0.3247619
r005f3e70t.png,9.892647307059015,0.15674262,9.030432468263667,0.14963682
